{"cameraMode":{"drawMode":0,"name":"Shaded","section":"Shading Mode"},"sceneLighting":false,"audioPlay":false,"sceneViewState":{"showFog":true,"showMaterialUpdate":false,"showSkybox":true,"showFlares":true,"showImageEffects":true,"showParticleSystems":true},"in2DMode":false,"pivot":{"x":-10.874983787536621,"y":10.9493989944458,"z":-71.11579895019531},"rotation":{"x":0.10360132157802582,"y":0.3517758846282959,"z":-0.0392083078622818,"w":0.9295070171356201},"size":2.249211311340332,"orthographic":true}