{"cameraMode":{"drawMode":0,"name":"Shaded","section":"Shading Mode"},"sceneLighting":false,"audioPlay":false,"sceneViewState":{"showFog":true,"showMaterialUpdate":false,"showSkybox":true,"showFlares":true,"showImageEffects":true,"showParticleSystems":true},"in2DMode":false,"pivot":{"x":-0.0817205160856247,"y":0.7154385447502136,"z":-1.249983787536621},"rotation":{"x":-0.004449676256626844,"y":0.9930444359779358,"z":-0.11067426949739456,"w":-0.03992682322859764},"size":3.3365392684936525,"orthographic":false}