{"cameraMode":{"drawMode":0,"name":"Shaded","section":"Shading Mode"},"sceneLighting":false,"audioPlay":false,"sceneViewState":{"showFog":true,"showMaterialUpdate":false,"showSkybox":true,"showFlares":true,"showImageEffects":true,"showParticleSystems":true},"in2DMode":false,"pivot":{"x":270.952880859375,"y":4.189045429229736,"z":165.61183166503907},"rotation":{"x":0.17401495575904847,"y":0.08054964244365692,"z":-0.014283022843301297,"w":0.9813392162322998},"size":745.2966918945313,"orthographic":true}