{"cameraMode":{"drawMode":0,"name":"Shaded","section":"Shading Mode"},"sceneLighting":false,"audioPlay":false,"sceneViewState":{"showFog":true,"showMaterialUpdate":false,"showSkybox":true,"showFlares":true,"showImageEffects":true,"showParticleSystems":true},"in2DMode":false,"pivot":{"x":233.1004180908203,"y":4.104947090148926,"z":165.9547119140625},"rotation":{"x":0.06018209457397461,"y":0.8011974692344666,"z":-0.08176446706056595,"w":0.5897247791290283},"size":0.448843777179718,"orthographic":true}