{"cameraMode":{"drawMode":0,"name":"Shaded","section":"Shading Mode"},"sceneLighting":true,"audioPlay":false,"sceneViewState":{"showFog":true,"showMaterialUpdate":false,"showSkybox":true,"showFlares":true,"showImageEffects":true,"showParticleSystems":true},"in2DMode":false,"pivot":{"x":-1.7219135761260987,"y":1.3753910064697266,"z":-2.2127466201782228},"rotation":{"x":0.0686681941151619,"y":0.9242124557495117,"z":-0.19930751621723176,"w":0.3184221386909485},"size":6.323920249938965,"orthographic":false}