{"cameraMode":{"drawMode":0,"name":"Shaded","section":"Shading Mode"},"sceneLighting":false,"audioPlay":false,"sceneViewState":{"showFog":true,"showMaterialUpdate":false,"showSkybox":true,"showFlares":true,"showImageEffects":true,"showParticleSystems":true},"in2DMode":false,"pivot":{"x":0.0000011920928955078126,"y":-1.51637601852417,"z":9.934009552001954},"rotation":{"x":-0.03211040422320366,"y":-0.9354042410850525,"z":0.340919554233551,"w":-0.08810051530599594},"size":12.068521499633789,"orthographic":true}