{"cameraMode":{"drawMode":0,"name":"Shaded","section":"Shading Mode"},"sceneLighting":false,"audioPlay":false,"sceneViewState":{"showFog":true,"showMaterialUpdate":false,"showSkybox":true,"showFlares":true,"showImageEffects":true,"showParticleSystems":true},"in2DMode":false,"pivot":{"x":-72.06218719482422,"y":416.1270751953125,"z":-90.86470031738281},"rotation":{"x":-0.09960219264030457,"y":-0.8163967132568359,"z":0.148051917552948,"w":-0.5492326021194458},"size":26.130435943603517,"orthographic":true}