{"cameraMode":{"drawMode":0,"name":"Shaded","section":"Shading Mode"},"sceneLighting":false,"audioPlay":false,"sceneViewState":{"showFog":true,"showMaterialUpdate":false,"showSkybox":true,"showFlares":true,"showImageEffects":true,"showParticleSystems":true},"in2DMode":false,"pivot":{"x":11.557083129882813,"y":0.08347799628973007,"z":-6.1315765380859379},"rotation":{"x":0.11730752140283585,"y":0.5769574046134949,"z":-0.08419034630060196,"w":0.803909957408905},"size":45.84610366821289,"orthographic":false}